<?xml version="1.0" encoding="UTF-8"?>
<atv>
  <head>
    <script src="http://trailers.apple.com/settings.js"/>
  </head>
  
	<body>
		<viewWithNavigationBar id="PlexConnect_Navigation" onNavigate="loadItem(event)">
			<navigation>
				<navigationItem id="Library">
					<title>Library</title> 
					<url>http://trailers.apple.com/library/sections</url> 
				</navigationItem> 
				<navigationItem id="Channels">
					<title>Channels</title> 
				 <url>http://trailers.apple.com/channels/all&amp;PlexConnect=Channels</url> 
				</navigationItem> 
        <navigationItem id="Search">
					<url>http://trailers.apple.com/search.xml</url> 
					<title>Search</title>
				</navigationItem>
        <navigationItem id="Settings">
					<title>Settings</title>
					<url>http://trailers.apple.com/&amp;PlexConnect=Settings</url> 
				</navigationItem>
				<!--navigationItem id="MyPlex">
					<title>MyPlex</title> 
					<url>http://trailers.apple.com/...</url> 
				</navigationItem--> 
			</navigation>
		</viewWithNavigationBar>
	</body>
</atv>

